RAW_INGREDIENT_NAME,MASTERED_INGREDIENT_NAME
00 flour italian pizza,00 flour
unbleached all purpose flour,all purpose flour
ap flour,all purpose flour
all?purpose flour,all purpose flour
all purpose flour bread,all purpose flour
flour all purpose baking powder salt,all purpose flour
flour and king arthur all purpose,all purpose flour
all purpose flour,all purpose flour
unbleached all purpose white flour,all purpose flour
unbleached all ?purpose flour,all purpose flour
almond flour,almond flour
baking powder,baking powder
baking powder sugar,baking powder
bread flour,bread flour
a bread flour,bread flour
flour bread,bread flour
king arthur bread flour,bread flour
unbleached bread/strong flour,bread flour
bread flour [530g],bread flour
brown sugar,brown sugar
brown sugar a,brown sugar
dark brown sugar,brown sugar
packed dark brown sugar,brown sugar
butter and oil,butter
butter oil,butter
salted butter,butter
stick unsalted butter cold,butter
tablepoons unsalted butter,butter
talespoons unsalted butter,butter
tbsp unsalted butter,butter
unsalted butter,butter
unsalted butter and for coating dough top,butter
unsalted butter cooled,butter
butter,butter
buttermilk,buttermilk
buttermilk at room temperature,buttermilk
buttermilk milk,buttermilk
buttermilk or plain low fat yogurt,buttermilk
cultured low fat buttermilk shy,buttermilk
low fat buttermilk,buttermilk
cake flour,cake flour
cane sugar,cane sugar
cornmeal flour,cornmeal flour
cream cheese butter,cream cheese
demerara sugar,demerara sugar
egg,egg
flour,flour
ancient grains flour,flour
low protein flour,flour
flour mix,flour
heavy cream,heavy cream
teaspoon lemon,lemon
millet flour,millet four
oat flour,oat flour
extra virgin olive oil,olive oil
olive oil salt,olive oil
pearl sugar,pearl sugar
potato flakes flour,potato flour
potato flour,potato flour
confectioners' sugar,powdered sugar
powdered sugar,powdered sugar
confectioners sugar,powdered sugar
confectioner ' s sugar,powdered sugar
brown rice flour,rice flour
sweet rice flour,rice flour
glutinous rice flour sweet,rice flour
rice flour,rice flour
white rice flour,rice flour
white rice flour rolling,rice flour
rye flour,rye flour
stone ground rye flour,rye flour
medium rye flour,rye flour
white rye flour,rye flour
pumpernickel or dark rye flour,rye flour
dark rye flour,rye flour
whole rye pumpernickel flour,rye flour
salt,salt
salt and pepper,salt and pepper
durum semolina flour,semolina flour
semolina flour,semolina flour
sorghum flour,sorghum flour
spelt flour,spelt flour
raw cane sugar,sugar
sugar,sugar
honey crystals or sugar,sugar
white sugar,sugar
demerara sugar white,sugar
a sugar,sugar
raw sugar,sugar
sugar optional;,sugar
tapioca flour,tapioca flour
teff flour,teff flour
turbinado sugar,turbinado sugar
vanilla extract,vanilla extract
cool water,water
water,water
white wheat flour,whole wheat flour
whole wheat flour ' s red,whole wheat flour
white whole wheat flour,whole wheat flour
whole wheat flour,whole wheat flour
wholemeal flour,whole wheat flour
whole wheat pastry flour,whole wheat flour
whole wheat flour more all purpose,whole wheat flour
yeast,yeast
vegetable oil,vegetable oil
corn oil,corn oil
sesame oil,sesame oil
coconut oil,coconut oil
oil,oil
garlic oil,garlic oil
vegetable oil cooking spray,vegetable oil
chive infused oil,infused oil
garlic olive oil,olive oil
canola oil,canola oil
tbsp corn or canola oil,canola oil
corn or canola oil,canola oil
non stick cooking spray or vegetable oil,vegetable oil
cooking spray vegetable oil,vegetable oil
cl olive oil,olive oil
olive oil mayonnaise,mayonnaise
flavorless oil,oil
olive oil,olive oil
sesame seed oil,sesame seed oil
some good olive oil,olive oil
parmesan cheese,parmesan cheese
provolone cheese,provolone cheese
cheddar cheese,cheddar cheese
cheddar or other cheese,cheddar cheese
cream cheese,cream cheese
stilton blue cheese,blue cheese
blue cheese,blue cheese
hard cheese,hard cheese
monterrey jack cheese,monterey jack cheese
dry mozzarella cheese,mozzarella cheese
american cheese,american cheese
mozzarella cheese,mozzarella cheese
goat cheese,goat cheese
halloumi cheese,halloumi cheese
ball fresh mozzarella cheese,mozzarella cheese
diced pepper jack cheese,pepper jack cheese
cheese soft goat and,goat cheese
feta cheese,feta cheese
pecorino romano cheese,pecorino romano cheese
sharp cheddar cheese,cheddar cheese
swiss cheese,swiss cheese
cottage cheese,cottage cheese
cheese,cheese
gruyere cheese,gruyere cheese
shredded swiss cheese,swiss cheese
monterey jack cheese,monterey jack cheese
goat cheese chevre,goat cheese
parmigiano reggiano cheese,parmigiano reggiano cheese
grana padano cheese,grana padano cheese
soft cheese,soft cheese
instant yeast,instant yeast
baking soda,baking soda
eggs,egg
milk,milk
lemon,lemon
honey,honey
oregano,oregano
cup bread,bread
tomato paste,tomato paste
red pepper flakes,red pepper flakes
diamond crystal kosher salt; salt,salt
nutmeg,nutmeg
cinnamon,cinnamon
apples,apples
vanilla,vanilla
dark rum,dark rum
cayenne,cayenne pepper
cream,cream
bacon,bacon
thyme leaves,thyme
onion,onion
kosher salt and black pepper,salt and pepper
milk chocolate,milk chocolate
chives,chives
white pepper a hot,white pepper
whipped cream,whipped cream
hearty white bread,white bread
orange juice,orange juice
blue cornmeal,blue cornmeal
confectioners’ sugar,confectioners’ sugar
eggwash egg water,eggwash
lemon juice,lemon juice
vital wheat gluten,vital wheat gluten
jonathan apples,apple
dulce de leche,dulce de leche
scalded milk,milk
kalamata olives,kalamata olives
orange peel,orange peel
chocolate chips semisweet,chocolate chips
raisins,raisins
corn kernels,corn
prunes,prunes
rum,rum
chocolate pearls,chocolate
birthday cake,birthday cake
cornstarch,cornstarch
confectioners ' ,confectioners’ sugar
lemon rind,lemon peel
greek yogurt,greek yogurt
brandy,brandy
egg white,egg white
greek style yogurt,greek yogurt
starter by volume at 100% hydration,sourdough starter
egg wash 1 with of,egg wash
creamy peanut butter,peanut butter
thyme,thyme
piloncillo,piloncillo
broccoli,broccoli
chicken,chicken
raspberries,raspberries
pork breakfast or sage sausage,pork sausage
shiitake mushrooms,shiitake mushrooms
hearty french bread,french bread
barbecue pizza sauce,barbecue sauce
cornmeal,cornmeal
whole allspice berries,allspice berries
walnuts,walnuts
style black sesame,black sesame
ciabatta,ciabatta
bourbon,bourbon
sour cream,sour cream
kosher salt,salt
potato,potato
poppy seeds,poppy seeds
room temperature butter,butter
cinnamon or,cinnamon
nigella seeds,nigella seeds
baking spray,baking spray
instant potato flakes,potato flakes
maple extract,maple extract
saffron,saffron
teaspoon active dry,active dry yeast
flax meal,flax meal
table salt,salt
poultry seasoning ',poultry seasoning
baguette,baguette
firm textured white bread,white bread
bananas,bananas
almonds,almonds
fat coconut,coconut
half and,half and half
golden raisins,golden raisins
sesame seeds,sesame seeds
almond filling,almond filling
apple cider,apple cider
caraway seeds,caraway seeds
whey,whey
dry dill weed,dill weed
pale chocolate barley malt,barley malt
corn grits polenta,polenta
feta,feta
orange marmalade,orange marmalade
anise seeds,anise seeds
rye chops,rye chops
cranberries,cranberries
yeast flour,yeast
mashed potato,mashed potato
all‐purpose flour,all purpose flour
stale crusty bread,crusty bread
sultana raisins,sultana raisins
red onion,red onion
cardamom,cardamom
jalapeno,jalapeno
cheddar,cheddar
leek,leeks
chocolate,chocolate
dried cherries mini semisweet chocolate chips,chocolate chips
perfect roast seasoning salt and black pepper,salt and pepper
cilantro leaves,cilantro leaves
celery,celery
vegetable shortening,vegetable shortening
white chocolate,white chocolate
warm water,water
summer squash,summer squash
figs,figs
green bell pepper peppers,green bell pepper peppers
corn syrup,corn syrup
dry yeast,yeast
sprinkles,sprinkles
apple butter,apple butter
 rye,rye
beer,beer
pizza yeast*,yeast
almond meal,almond meal
ounce sweet potato,sweet potato
basil pesto,basil pesto
salt i used a sea,salt
balsamic vinegar,balsamic vinegar
strawberries,strawberries
recipe brioche dough,brioche 
marzipan,marzipan
apricots,apricots
kosher salt table,salt
cayenne pepper,cayenne pepper
milk chocolate chips chopped,chocolate chips
instant dry yeast,yeast
muscovy duck breasts,duck breasts
sage sausage,sage sausage
seedless raspberry preserves,raspberry preserves
creme fraiche,creme fraiche
hot water,water
unbleached all purpose ,all purpose flour
fish sauce,fish sauce
baby arugula,baby arugula
fine sea salt,salt
ounce tapioca,tapioca
corn syrup or honey,honey
soy free shortening,shortening
chicken thighs,chicken thighs
instant espresso powder,espresso powder
lamb,lamb
bacon fat,bacon fat
asafoetida,asafoetida
club soda,club soda
ball of no knead pizza dough on,pizza dough
dry milk,milk
shrimp,shrimp
sweet potato,sweet potato
dill,dill
bacon grease,bacon fat
dried cherries,dried cherries
herbs thyme,thyme
ginger,ginger
tart apples,apple
onions,onion
blueberries,blueberries
strawberry preserves,strawberry preserves
dry active yeast,dry active yeast
peanuts,peanuts
almond extract,almond extract
honey divided,honey
cider vinegar,cider vinegar
potatos,potato
optional: chocolate,chocolate
marjoram,marjoram
ham,ham
active dry yeast,active dry yeast
maple syrup,maple syrup
pumpkin seeds,pumpkin seeds
tablespoon olive,olive oil
sweet paprika,sweet paprika
irish whiskey water,whiskey
flax seeds,flax seeds
apricots i used turkish,apricots
egg of,egg
whole pecans,pecan
cooking spray,cooking spray
egg tablespoon,egg
parsley leaves,parsley
dry mustard,mustard
unsweetened dutch process cocoa powder,cocoa powder
shredded iceberg lettuce,iceberg lettuce
orange,orange
egg ,egg 
active dry yeast cake,active dry yeast
powdered milk,powdered milk
calmyrna figs,fig
white wine,white wine
pecans,pecan
xanthan gum,xanthan gum
shortening,shortening
dough,dough
milk don’t use a generic brand,milk
smoked bacon,bacon
bulk sweet italian sausage,italian sausage
fennel bulb,fennel
potatoes flakes,potato flake
egg with,egg
scallion,scallion
potatoes,potato
egg wash tablespoon,egg wash
red quinoa,red quinoa
quick cooking oats,oat
malted wheat flakes,wheat flake
quick oats,oat
rosemary,rosemary
peanut butter,peanut butter
fire roasted peppers,fire roasted peppers
whole flax seeds,flax seeds
garlic,garlic
stick unsalted room temperature,butter
italian herbs,italian herbs
milk heavy,milk
corn cobs,corn
raw walnuts,walnut
san marzano tomatoes plum tomatokosher saltno knead pizza d      ,tomatoes
black pepper,pepper
lemon zest,lemon zest
agave nectar,agave nectar
marmite,marmite
butter 2 stick divided,butter
pepper,pepper
mayonnaise,mayonnaise
concord grapes,
heavy whipping cream,
wheat bran or,
broth,
dijon mustard,
tomatoes,
red wine vinegar,
nonstick cooking spray,
walnut bread,
walnut oil vegetable dough top and baking pot,
ground,
all purpose ﬂour,
parmesan,
rhubarb 4 cup,
mint leaves,
organic egg,
sage leaves,
cornbread,
country ham heavy card stock,
package active dry yeast,
whipping cream,
russet potatoes,
chocolate syrup or sauce,
white bread,
chinese five spice powder,
canola or,
bittersweet chocolate,
parsley,
garlic powder,
sour tapioca starch,
salmon,
cooked,
white,
a red onion,
zucchini,
pizza dough,
pepperoni,
semolina,
glaze:,
flavorless nonstick cooking spray,
tbsp kosher salt,
fennel seeds,
herbs,
active dry yeast fresh cake,
gruyère cheese,
basil leaves,
pine nuts,
parmegiano reggiano,
pizza dough recipe,
jambon cru de bayonne or prosciutto,
peach,
onion onions,
frozen,
molasses,
tapioca starch,
russet potato,
pure pumpkin not pie filling,
sweet potato puree,
lemon extract,
ripe,
ounce cocoa,
flax seed,
flaxmeal,
vanilla bean,
prepared granola,
cilantro,
barbecue sauce,
rise yeast,
chinkiang or rice wine vinegar,
dill fronds,
day old french baguette,
cocoa powder,
marinara sauce,
chipotle chile canned in adobo,
egg water,
red chili flakes,
clover honey,
corn canola other flavorless more for coating dough,
red paprika powder,
cumin,
lemons,
bulk breakfast sausage,
tarragon,
kosher salt black,
chicken egg,
white cheddar,
leeks,
celery with leaves,
sausages,
packet rapid rise yeast,
oats,
orange extract,
panettone,
chopped candied citrus,
anise extract,
crunchy peanut butter,
san marzano tomatoes,
serrano chili,
pumpkin puree,
corn meal,
pumpkin,
clove,
hazelnut meal,
non stick baking spray,
poblano pepper,
serrano pepper,
coriander seeds,
black beans,
kosher salt and fresh ground black pepper,
table salt kosher,
sage,
or bread country buttermilk potato,
caramel sauce,
mustard seeds,
radicchio,
neapolitan pizza dough bought,
basic pizza dough,
bulk sage sausage,
sun dried tomatoes,
shiitake mushroom caps,
wood chips,
apple,
coriander,
paprika,
grind cornmeal,
white bread loaf,
dry parsley,
kosher salt black pepper,
lemon lime soda sprite,
container sour cream,
grainy mustard,
inch,
avocado,
lemon juice lemons,
cl milk,
dill weed,
malt syrup,
a,
corn bread,
bulk sausage breakfast,
batch pancake mix,
lemon zest small,
sandwich bread,
bread croissant,
scallions,
ice water,
black olives,
shortening bacon or,
00 flour italian pizza,
egg wash water,
tbsp honey,
yellow cornmeal,
sherry,
potato starch,
white rice,
chili,
pumpkin pie spice,
raisins*,
dry ingredients,
dried,
pumpkin pie spice or cinnamon,
grated,
bagels,
polenta,
baby spinach,
milk make a spreadable,
icing,
ripe red bell,
pasta maker,
parmigiano reggiano,
mini croissants,
graham cracker crumbs,
ancho chili powder,
red bell pepper,
red jalapeño pepper,
raspberry preserves,
asparagus,
shallot,
tablespoon extra virgin olive,
i egg,
orange zest,
old fashioned rolled oats,
all purpose,
a golden raisins,
walnut piece,
walnut purée,
rapid rise yeast,
toasted,
maple flavoring,
stale hearty,
pimentón dulce sweet smoked spanish paprika,
0.25 teaspoon,
plain greek yogurt,
sweet 100 tomatoes cherry,
 bread,
cremini mushrooms,
wheat dough,
onion flakes,
unsweetened applesauce,
kg cherry tomatoes,
cool milk,
baking potatoes,
 olive oil,
freeze dried pink peppercorns,
pecan halves,
coriander seed,
blueberries using,
cup strawberries raspberries,
rye flakes,
black peppercorns with,
pre made pizza dough,
*to .,
tea,
corn canola other flavorless,
"fillings: bacon , sautéed roast syrup",
chorizo,
hot black tea like pg tips,
flaky,
niçoise olives,
grated raw fuzzy summer,
unbleached all  purpose flour,
italian flat leaf parsley,
pineapple,
tart green apples,
pizza sauce style,
canadian bacon,
barley malt syrup,
sea salt,
almond paste,
nutella spread,
celery seeds,
whole clove,
dry white wine,
cocoa nibs,
unsweetened cocoa powder,
whipped cream or,
8 gram,
good quality sourdough bread,
cup,
day old cinnamon bread,
pitted kalamata,
chives scallion tops,
homemade chicken stock,
confectioners ',
pickling lime,
pizza sauce,
frozen puff pastry,
lard,
mozzarella,
labne,
diamond crystal kosher salt,
sumac,
scallion greens,
tablespoon malt syrup,
0 . dry yeast,
currants,
yellow corn meal,
green chiles,
corn oil vegetable coating dough top and baking,
unbleached all purpose white,
turkish tomato salsa,
corn,
roasted green,
pine nuts walnuts,
bread crumbs,
meyer lemon,
garlic on,
poultry seasoning,
low sodium chicken broth,
masa harina,
or,
instant dry yeast not rapid rise,
orange blossom water,
pearsauce or applesauce,
cumin seeds,
pumpkin purée not pie filling,
thousand island dressing,
eggwash egg tablespoon,
bulk sausage,
black peppercorns,
 all purpose,
milk yogurt,
dry milk powder,
cornbread about 2.5 pounds; 1.25 kilograms,
italian bread loaf,
walnut halves,
cherries,
grated extra sharp cheddar,
ketchup,
tomato,
lime,
dried oregano,
espresso powder,
olives,
dill seed,
tablespoon melted,
tart apples jonathan,
potato flakes,
wheat,
piment d’espelette,
worcestershire sauce,
hot sauce,
bread,
mustard greens broccoli,
quality walnut,
water a potato,
lemon orange,
whiskey,
horseradish,
breakfast sausage,
sourdough starter,
bakers ' ,
active yeast,
masa harina para tortillas,
non stick cooking spray,
fig jam,
salt and black pepper,
can oil packed bonito,
whole milk,
golden syrup,
solid vegetable shortening,
cornstarch or potato starch,
allspice,
1 yeast packet,
ounce unsalted,
yogurt milk,
soy sauce,
red sauce,
plain yogurt,
french bread,
carrots,
corn canola other flavorless extra for coating dough top,
parlsey,
lemon wedges,
rosemary crushed fennel,
quail egg,
&nbsp,
lemon chantilly,
rib celery,
amaretti cookies,
milk powder,
green olives,
red kidney beans,
beef,
sauerkraut,
persian cucumbers,
bay leaves,
beefsteak tomatoes,
ricotta,
red wine,
sweet italian sausage,
flat leaf parsley leaves,
tarragon leaves,
pork belly,
teaspoon yeast active dry,
a cremini mushrooms,
apricot fruit,
flat leaf parsley,
italian sausage,
dry lemon thyme,
croissants,
mustard,
cauliflower,
masarepa,
carrot,
basil,
bread machine yeast,
pork stomach,
whole wheat bread,
juice small,
package active dry,
low fat sour cream,
arrowroot,
roller docker,
flake sea salt,
puréed pumpkin,
orange blossom extract,
queso fresco,
chicken stock,
ruby port,
a oregano,
cup whole wheat,
dry celery flakes,
a salt,
yellow onions,
walnut butter,
orange peel*,
rolled oats,
filling,
leeks white,
milk mozzarella,
ramps,
sage and sausage stuffing,
bread i used brown rice,
good bacon,
a bouquet garni thyme,
soy milk,
pistachios,
packet red star instant yeast,
yukon gold potato on,
old fashioned oats,
brioche,
rosemary leaves,
ice cream,
pure maple syrup,
lacinato a,
anaheim pepper,
vegetable cooking spray,
"cinnamon , ",
"herbs oregano , ",
pickles,
loaf challah,
wonton wrappers,
thick cut bacon,
chopped candied ginger,
shallot or small,
bibb lettuce leaves,
jalapeño pepper,
